PLAYER,HEIGHT_WO_SHOES,WINGSPAN,STANDING_REACH,HAND_LENGTH,HAND_WIDTH,WEIGHT,MAX_VERTICAL_LEAP
Tony Parker,73.5,76.0,97.0,8.25,9.0,185,32.0
Kawhi Leonard,78.25,87.0,103.5,9.75,11.25,230,32.0
LaMarcus Aldridge,82.0,88.5,109.0,9.0,10.5,240,29.5
David West,80.5,87.0,106.0,9.25,10.0,250,31.0
Danny Green,77.0,81.5,102.0,8.5,9.25,215,34.0
James Harden,76.25,82.0,101.5,8.75,9.75,220,30.5
Dwight Howard,80.5,87.25,108.0,9.5,10.75,265,35.5
Trevor Ariza,79.0,84.0,104.0,8.75,9.5,215,33.0
Patrick Beverley,72.5,78.0,96.5,8.5,9.0,185,33.5
